{
  "vocab_size": 4096,
  "max_seq_length": 2048,
  "split_seed": 42,
  "filtering": {
    "total_raw": 281704,
    "accepted": 273400,
    "filtered_long": 8304,
    "filtered_empty": 0
  },
  "splits": {
    "train": {
      "num_files": 267932,
      "total_tokens": 147422946,
      "mean_len": 550.2252287893944,
      "median_len": 439.0,
      "min_len": 76,
      "max_len": 2048
    },
    "val": {
      "num_files": 2734,
      "total_tokens": 1527082,
      "mean_len": 558.5523043160205,
      "median_len": 444.0,
      "min_len": 95,
      "max_len": 2047
    },
    "test": {
      "num_files": 2734,
      "total_tokens": 1464147,
      "mean_len": 535.5329188002926,
      "median_len": 432.5,
      "min_len": 82,
      "max_len": 2034
    }
  }
}