{
  "model_name": "xl",
  "n_params": 88099584,
  "learning_rate": 0.1,
  "best_val_loss": 1.8294614553451538,
  "final_val_loss": 1.8294614553451538,
  "final_train_loss": 1.819269422441721,
  "wall_time_seconds": 847.5399289131165,
  "tokens_per_second": 173826.53368193426,
  "parameterization": "mup",
  "train_losses": [
    [
      9,
      7.867363214492798
    ],
    [
      19,
      6.377386391162872
    ],
    [
      29,
      4.504473149776459
    ],
    [
      39,
      4.049706161022186
    ],
    [
      49,
      3.840081311762333
    ],
    [
      59,
      3.4819513373076916
    ],
    [
      69,
      3.059754151850939
    ],
    [
      79,
      2.865251410752535
    ],
    [
      89,
      2.6561894826591015
    ],
    [
      99,
      2.486419789493084
    ],
    [
      109,
      2.364074144512415
    ],
    [
      119,
      2.313181523233652
    ],
    [
      129,
      2.2270205803215504
    ],
    [
      139,
      2.214495897293091
    ],
    [
      149,
      2.1917721033096313
    ],
    [
      159,
      2.1869669426232576
    ],
    [
      169,
      2.1846570875495672
    ],
    [
      179,
      2.1743842996656895
    ],
    [
      189,
      2.174741242080927
    ],
    [
      199,
      2.1678020246326923
    ],
    [
      209,
      2.15085718780756
    ],
    [
      219,
      2.143132410943508
    ],
    [
      229,
      2.1373015120625496
    ],
    [
      239,
      2.0611814744770527
    ],
    [
      249,
      1.9511804785579443
    ],
    [
      259,
      1.8879148196429014
    ],
    [
      269,
      1.852896636351943
    ],
    [
      279,
      1.819269422441721
    ]
  ],
  "val_losses": [
    [
      49,
      3.7651894092559814
    ],
    [
      99,
      2.487302243709564
    ],
    [
      149,
      2.157189041376114
    ],
    [
      199,
      2.1238081037998198
    ],
    [
      249,
      1.964147573709488
    ],
    [
      280,
      1.8294614553451538
    ]
  ],
  "config": {
    "n_layer": 12,
    "n_head": 12,
    "n_embd": 768,
    "d_ff": 3072
  },
  "peak_gpu_memory_mb": 9292.259328
}