{
  "model_name": "large",
  "n_params": 33565184,
  "learning_rate": 0.1,
  "best_val_loss": 1.6990948796272278,
  "final_val_loss": 1.6990948796272278,
  "final_train_loss": 1.7248045802116394,
  "wall_time_seconds": 427.85405802726746,
  "tokens_per_second": 344334.53472261067,
  "parameterization": "mup",
  "train_losses": [
    [
      9,
      8.0111443400383
    ],
    [
      19,
      7.00966876745224
    ],
    [
      29,
      5.251222014427185
    ],
    [
      39,
      4.167461633682251
    ],
    [
      49,
      3.9300990849733353
    ],
    [
      59,
      3.710244357585907
    ],
    [
      69,
      3.253019794821739
    ],
    [
      79,
      2.8912400007247925
    ],
    [
      89,
      2.7387287989258766
    ],
    [
      99,
      2.4548003152012825
    ],
    [
      109,
      2.2577549517154694
    ],
    [
      119,
      2.2241394594311714
    ],
    [
      129,
      2.204812489449978
    ],
    [
      139,
      2.168574221432209
    ],
    [
      149,
      2.17552038654685
    ],
    [
      159,
      2.188100039958954
    ],
    [
      169,
      2.162190817296505
    ],
    [
      179,
      2.2001072093844414
    ],
    [
      189,
      2.150486871600151
    ],
    [
      199,
      2.168241135776043
    ],
    [
      209,
      2.1316609755158424
    ],
    [
      219,
      2.0844532772898674
    ],
    [
      229,
      2.0632257759571075
    ],
    [
      239,
      1.9637734405696392
    ],
    [
      249,
      1.897148486226797
    ],
    [
      259,
      1.833536822348833
    ],
    [
      269,
      1.7565657943487167
    ],
    [
      279,
      1.7248045802116394
    ]
  ],
  "val_losses": [
    [
      49,
      3.916455364227295
    ],
    [
      99,
      2.442673134803772
    ],
    [
      149,
      2.169804072380066
    ],
    [
      199,
      2.1750203013420104
    ],
    [
      249,
      1.887746387720108
    ],
    [
      280,
      1.6990948796272278
    ]
  ],
  "config": {
    "n_layer": 10,
    "n_head": 8,
    "n_embd": 512,
    "d_ff": 2048
  },
  "peak_gpu_memory_mb": 9292.259328
}