{
  "model_name": "medium",
  "n_params": 8654208,
  "config": {
    "n_layer": 4,
    "n_head": 6,
    "n_embd": 384,
    "d_ff": 1536
  },
  "learning_rate": 0.003,
  "tokens_per_step": 524288,
  "total_steps": 281,
  "train_losses": [
    [
      9,
      6.996474123001098
    ],
    [
      19,
      5.179539968073368
    ],
    [
      29,
      3.6497538343071936
    ],
    [
      39,
      2.6113091252744196
    ],
    [
      49,
      2.2778699658811092
    ],
    [
      59,
      2.2076649758964777
    ],
    [
      69,
      2.1854550302028657
    ],
    [
      79,
      2.1683705493807794
    ],
    [
      89,
      2.1756900541484354
    ],
    [
      99,
      2.175339561700821
    ],
    [
      109,
      2.152862321957946
    ],
    [
      119,
      2.0862061232328415
    ],
    [
      129,
      2.0244528289884327
    ],
    [
      139,
      1.9777431987226008
    ],
    [
      149,
      1.9900464296340943
    ],
    [
      159,
      1.9644371073693037
    ],
    [
      169,
      1.9122864920645952
    ],
    [
      179,
      1.8884974427521228
    ],
    [
      189,
      1.8479021407663823
    ],
    [
      199,
      1.8744652949273586
    ],
    [
      209,
      1.8628765005618333
    ],
    [
      219,
      1.795062381774187
    ],
    [
      229,
      1.7317633934319019
    ],
    [
      239,
      1.6586516425013542
    ],
    [
      249,
      1.602193944901228
    ],
    [
      259,
      1.54319118373096
    ],
    [
      269,
      1.5063590455800295
    ],
    [
      279,
      1.4884887080639602
    ]
  ],
  "val_losses": [
    [
      49,
      2.2046722412109374
    ],
    [
      99,
      2.194444274902344
    ],
    [
      149,
      2.022074520587921
    ],
    [
      199,
      1.8574433743953704
    ],
    [
      249,
      1.550266844034195
    ],
    [
      280,
      1.483477371931076
    ]
  ],
  "lr_history": [
    [
      0,
      1.5e-05
    ],
    [
      1,
      3e-05
    ],
    [
      2,
      4.5e-05
    ],
    [
      3,
      6e-05
    ],
    [
      4,
      7.5e-05
    ],
    [
      5,
      9e-05
    ],
    [
      6,
      0.000105
    ],
    [
      7,
      0.00012
    ],
    [
      8,
      0.000135
    ],
    [
      9,
      0.00015
    ],
    [
      10,
      0.000165
    ],
    [
      11,
      0.00018
    ],
    [
      12,
      0.000195
    ],
    [
      13,
      0.00021
    ],
    [
      14,
      0.000225
    ],
    [
      15,
      0.00024
    ],
    [
      16,
      0.000255
    ],
    [
      17,
      0.00027
    ],
    [
      18,
      0.000285
    ],
    [
      19,
      0.0003
    ],
    [
      20,
      0.000315
    ],
    [
      21,
      0.00033
    ],
    [
      22,
      0.00034500000000000004
    ],
    [
      23,
      0.00036
    ],
    [
      24,
      0.000375
    ],
    [
      25,
      0.00039
    ],
    [
      26,
      0.00040500000000000003
    ],
    [
      27,
      0.00042
    ],
    [
      28,
      0.00043500000000000006
    ],
    [
      29,
      0.00045
    ],
    [
      30,
      0.00046499999999999997
    ],
    [
      31,
      0.00048
    ],
    [
      32,
      0.000495
    ],
    [
      33,
      0.00051
    ],
    [
      34,
      0.000525
    ],
    [
      35,
      0.00054
    ],
    [
      36,
      0.000555
    ],
    [
      37,
      0.00057
    ],
    [
      38,
      0.000585
    ],
    [
      39,
      0.0006
    ],
    [
      40,
      0.000615
    ],
    [
      41,
      0.00063
    ],
    [
      42,
      0.0006450000000000001
    ],
    [
      43,
      0.00066
    ],
    [
      44,
      0.000675
    ],
    [
      45,
      0.0006900000000000001
    ],
    [
      46,
      0.0007050000000000001
    ],
    [
      47,
      0.00072
    ],
    [
      48,
      0.000735
    ],
    [
      49,
      0.00075
    ],
    [
      50,
      0.000765
    ],
    [
      51,
      0.00078
    ],
    [
      52,
      0.000795
    ],
    [
      53,
      0.0008100000000000001
    ],
    [
      54,
      0.000825
    ],
    [
      55,
      0.00084
    ],
    [
      56,
      0.0008550000000000001
    ],
    [
      57,
      0.0008700000000000001
    ],
    [
      58,
      0.0008849999999999999
    ],
    [
      59,
      0.0009
    ],
    [
      60,
      0.000915
    ],
    [
      61,
      0.0009299999999999999
    ],
    [
      62,
      0.000945
    ],
    [
      63,
      0.00096
    ],
    [
      64,
      0.0009750000000000001
    ],
    [
      65,
      0.00099
    ],
    [
      66,
      0.001005
    ],
    [
      67,
      0.00102
    ],
    [
      68,
      0.0010350000000000001
    ],
    [
      69,
      0.00105
    ],
    [
      70,
      0.001065
    ],
    [
      71,
      0.00108
    ],
    [
      72,
      0.001095
    ],
    [
      73,
      0.00111
    ],
    [
      74,
      0.0011250000000000001
    ],
    [
      75,
      0.00114
    ],
    [
      76,
      0.001155
    ],
    [
      77,
      0.00117
    ],
    [
      78,
      0.001185
    ],
    [
      79,
      0.0012
    ],
    [
      80,
      0.001215
    ],
    [
      81,
      0.00123
    ],
    [
      82,
      0.001245
    ],
    [
      83,
      0.00126
    ],
    [
      84,
      0.001275
    ],
    [
      85,
      0.0012900000000000001
    ],
    [
      86,
      0.001305
    ],
    [
      87,
      0.00132
    ],
    [
      88,
      0.001335
    ],
    [
      89,
      0.00135
    ],
    [
      90,
      0.0013650000000000001
    ],
    [
      91,
      0.0013800000000000002
    ],
    [
      92,
      0.0013950000000000002
    ],
    [
      93,
      0.0014100000000000002
    ],
    [
      94,
      0.001425
    ],
    [
      95,
      0.00144
    ],
    [
      96,
      0.001455
    ],
    [
      97,
      0.00147
    ],
    [
      98,
      0.001485
    ],
    [
      99,
      0.0015
    ],
    [
      100,
      0.0015149999999999999
    ],
    [
      101,
      0.00153
    ],
    [
      102,
      0.001545
    ],
    [
      103,
      0.00156
    ],
    [
      104,
      0.001575
    ],
    [
      105,
      0.00159
    ],
    [
      106,
      0.001605
    ],
    [
      107,
      0.0016200000000000001
    ],
    [
      108,
      0.0016350000000000002
    ],
    [
      109,
      0.00165
    ],
    [
      110,
      0.001665
    ],
    [
      111,
      0.00168
    ],
    [
      112,
      0.0016950000000000001
    ],
    [
      113,
      0.0017100000000000001
    ],
    [
      114,
      0.0017250000000000002
    ],
    [
      115,
      0.0017400000000000002
    ],
    [
      116,
      0.0017550000000000003
    ],
    [
      117,
      0.0017699999999999999
    ],
    [
      118,
      0.001785
    ],
    [
      119,
      0.0018
    ],
    [
      120,
      0.001815
    ],
    [
      121,
      0.00183
    ],
    [
      122,
      0.001845
    ],
    [
      123,
      0.0018599999999999999
    ],
    [
      124,
      0.001875
    ],
    [
      125,
      0.00189
    ],
    [
      126,
      0.001905
    ],
    [
      127,
      0.00192
    ],
    [
      128,
      0.001935
    ],
    [
      129,
      0.0019500000000000001
    ],
    [
      130,
      0.001965
    ],
    [
      131,
      0.00198
    ],
    [
      132,
      0.0019950000000000002
    ],
    [
      133,
      0.00201
    ],
    [
      134,
      0.0020250000000000003
    ],
    [
      135,
      0.00204
    ],
    [
      136,
      0.002055
    ],
    [
      137,
      0.0020700000000000002
    ],
    [
      138,
      0.002085
    ],
    [
      139,
      0.0021
    ],
    [
      140,
      0.002115
    ],
    [
      141,
      0.00213
    ],
    [
      142,
      0.0021449999999999998
    ],
    [
      143,
      0.00216
    ],
    [
      144,
      0.002175
    ],
    [
      145,
      0.00219
    ],
    [
      146,
      0.002205
    ],
    [
      147,
      0.00222
    ],
    [
      148,
      0.002235
