{
  "model_name": "small",
  "n_params": 3443136,
  "learning_rate": 0.1,
  "best_val_loss": 1.6460552573204041,
  "final_val_loss": 1.6460552573204041,
  "final_train_loss": 1.666891023516655,
  "wall_time_seconds": 114.5899829864502,
  "tokens_per_second": 1285670.2144499016,
  "parameterization": "mup",
  "train_losses": [
    [
      9,
      8.069147109985352
    ],
    [
      19,
      7.3320183753967285
    ],
    [
      29,
      5.88678765296936
    ],
    [
      39,
      4.461021304130554
    ],
    [
      49,
      3.931560695171356
    ],
    [
      59,
      3.496425896883011
    ],
    [
      69,
      2.9177763760089874
    ],
    [
      79,
      2.49413001537323
    ],
    [
      89,
      2.2937580943107605
    ],
    [
      99,
      2.2177801430225372
    ],
    [
      109,
      2.155083030462265
    ],
    [
      119,
      2.1761196851730347
    ],
    [
      129,
      2.1679017543792725
    ],
    [
      139,
      2.148946613073349
    ],
    [
      149,
      2.161997139453888
    ],
    [
      159,
      2.1955520510673523
    ],
    [
      169,
      2.09405580163002
    ],
    [
      179,
      2.117399275302887
    ],
    [
      189,
      2.0392923951148987
    ],
    [
      199,
      2.0382106602191925
    ],
    [
      209,
      2.0178436636924744
    ],
    [
      219,
      1.9244935065507889
    ],
    [
      229,
      1.8718221336603165
    ],
    [
      239,
      1.8574674278497696
    ],
    [
      249,
      1.8092062175273895
    ],
    [
      259,
      1.7426515370607376
    ],
    [
      269,
      1.681897833943367
    ],
    [
      279,
      1.666891023516655
    ]
  ],
  "val_losses": [
    [
      49,
      3.9046710729599
    ],
    [
      99,
      2.2086428880691527
    ],
    [
      149,
      2.1552576303482054
    ],
    [
      199,
      2.0373331904411316
    ],
    [
      249,
      1.7978963434696198
    ],
    [
      280,
      1.6460552573204041
    ]
  ],
  "config": {
    "n_layer": 6,
    "n_head": 6,
    "n_embd": 192,
    "d_ff": 768
  },
  "peak_gpu_memory_mb": 9292.259328
}