{
  "model_name": "medium",
  "n_params": 12194688,
  "learning_rate": 0.1,
  "best_val_loss": 1.6186613619327546,
  "final_val_loss": 1.6186613619327546,
  "final_train_loss": 1.6293362602591515,
  "wall_time_seconds": 190.570809841156,
  "tokens_per_second": 773071.8472718766,
  "parameterization": "mup",
  "train_losses": [
    [
      9,
      8.093484878540039
    ],
    [
      19,
      7.362895429134369
    ],
    [
      29,
      5.910391569137573
    ],
    [
      39,
      4.480728447437286
    ],
    [
      49,
      3.987588554620743
    ],
    [
      59,
      3.7452629059553146
    ],
    [
      69,
      3.4000360518693924
    ],
    [
      79,
      2.894197717308998
    ],
    [
      89,
      2.475367620587349
    ],
    [
      99,
      2.289087265729904
    ],
    [
      109,
      2.1957326531410217
    ],
    [
      119,
      2.191036105155945
    ],
    [
      129,
      2.1706795692443848
    ],
    [
      139,
      2.165757030248642
    ],
    [
      149,
      2.147391155362129
    ],
    [
      159,
      2.1640121042728424
    ],
    [
      169,
      2.1514306515455246
    ],
    [
      179,
      2.162842020392418
    ],
    [
      189,
      2.1430622190237045
    ],
    [
      199,
      2.0495557636022568
    ],
    [
      209,
      2.002111591398716
    ],
    [
      219,
      1.9619991853833199
    ],
    [
      229,
      1.8734743148088455
    ],
    [
      239,
      1.8245980218052864
    ],
    [
      249,
      1.8018484935164452
    ],
    [
      259,
      1.723541259765625
    ],
    [
      269,
      1.6649225950241089
    ],
    [
      279,
      1.6293362602591515
    ]
  ],
  "val_losses": [
    [
      49,
      3.948606753349304
    ],
    [
      99,
      2.272314119338989
    ],
    [
      149,
      2.1997263550758364
    ],
    [
      199,
      2.0206283211708067
    ],
    [
      249,
      1.7710743188858031
    ],
    [
      280,
      1.6186613619327546
    ]
  ],
  "config": {
    "n_layer": 6,
    "n_head": 6,
    "n_embd": 384,
    "d_ff": 1536
  },
  "peak_gpu_memory_mb": 9292.259328
}