{
  "model_name": "tiny",
  "n_params": 1311872,
  "learning_rate": 0.1,
  "best_val_loss": 1.6485454976558684,
  "final_val_loss": 1.6485454976558684,
  "final_train_loss": 1.6793189644813538,
  "wall_time_seconds": 61.344504833221436,
  "tokens_per_second": 2401599.4325903407,
  "parameterization": "mup",
  "train_losses": [
    [
      9,
      8.141697406768799
    ],
    [
      19,
      7.643586874008179
    ],
    [
      29,
      6.624447226524353
    ],
    [
      39,
      5.146918058395386
    ],
    [
      49,
      4.186166882514954
    ],
    [
      59,
      3.840949535369873
    ],
    [
      69,
      3.3265385031700134
    ],
    [
      79,
      2.702962279319763
    ],
    [
      89,
      2.3610334396362305
    ],
    [
      99,
      2.228330910205841
    ],
    [
      109,
      2.1922821402549744
    ],
    [
      119,
      2.168897569179535
    ],
    [
      129,
      2.157285511493683
    ],
    [
      139,
      2.1666744351387024
    ],
    [
      149,
      2.153015434741974
    ],
    [
      159,
      2.1409512758255005
    ],
    [
      169,
      2.340990126132965
    ],
    [
      179,
      2.141279876232147
    ],
    [
      189,
      2.035138428211212
    ],
    [
      199,
      1.9982160031795502
    ],
    [
      209,
      1.9697834253311157
    ],
    [
      219,
      1.922584056854248
    ],
    [
      229,
      1.8761034905910492
    ],
    [
      239,
      1.836443930864334
    ],
    [
      249,
      1.7956510782241821
    ],
    [
      259,
      1.723192721605301
    ],
    [
      269,
      1.6877630352973938
    ],
    [
      279,
      1.6793189644813538
    ]
  ],
  "val_losses": [
    [
      49,
      4.155812525749207
    ],
    [
      99,
      2.2239139676094055
    ],
    [
      149,
      2.151586878299713
    ],
    [
      199,
      1.961539590358734
    ],
    [
      249,
      1.77672181725502
    ],
    [
      280,
      1.6485454976558684
    ]
  ],
  "config": {
    "n_layer": 4,
    "n_head": 4,
    "n_embd": 128,
    "d_ff": 512
  },
  "peak_gpu_memory_mb": 9292.259328
}