{
  "sp_fit": {
    "a": 999999.9999999998,
    "alpha": 1.136394843042746,
    "c": 1.6746191312484424,
    "popt": [
      999999.9999999998,
      1.136394843042746,
      1.6746191312484424
    ],
    "pcov": [
      [
        5096754781107508.0,
        363640088.12921655,
        5833735.019064295
      ],
      [
        363640088.12921655,
        25.956663674701435,
        0.4217975701890789
      ],
      [
        5833735.019064294,
        0.4217975701890789,
        0.013362959588728959
      ]
    ],
    "r2": 0.18476258342527296,
    "perr": [
      71391559.59290642,
      5.094768265063823,
      0.11559826810436634
    ]
  },
  "mup_fit": {
    "a": 2.1735804260582046,
    "alpha": 1.999968469032842,
    "c": 1.6883636543333655,
    "popt": [
      2.1735804260582046,
      1.999968469032842,
      1.6883636543333655
    ],
    "pcov": [
      [
        0.0,
        0.0,
        0.0
      ],
      [
        0.0,
        0.0,
        0.0
      ],
      [
        0.0,
        0.0,
        0.0028257644271688235
      ]
    ],
    "r2": -4.4082515415766466e-12,
    "perr": [
      0.0,
      0.0,
      0.05315791970317145
    ]
  },
  "best_approach": "SP",
  "extrapolation": {
    "xl_params": 88099584.0,
    "target_10x": 880995840.0,
    "predicted_loss": 1.6746875189231,
    "ci_95": 0.22328436737359475
  },
  "sp_results": {
    "tiny": {
      "params": 1311872.0,
      "val_loss": 1.8149328410625458
    },
    "small": {
      "params": 3443136.0,
      "val_loss": 1.6527440547943115
    },
    "medium": {
      "params": 12194688.0,
      "val_loss": 1.597100031375885
    },
    "large": {
      "params": 33565184.0,
      "val_loss": 1.6306703448295594
    },
    "xl": {
      "params": 88099584.0,
      "val_loss": 1.8391207575798034
    }
  },
  "mup_results": {
    "tiny": {
      "params": 1311872.0,
      "val_loss": 1.6485454976558684
    },
    "small": {
      "params": 3443136.0,
      "val_loss": 1.6460552573204041
    },
    "medium": {
      "params": 12194688.0,
      "val_loss": 1.6186613619327546
    },
    "large": {
      "params": 33565184.0,
      "val_loss": 1.6990948796272278
    },
    "xl": {
      "params": 88099584.0,
      "val_loss": 1.8294614553451538
    }
  }
}