{
  "model": "large_sp",
  "epochs": 10,
  "total_steps": 2810,
  "best_val_loss": 0.786640539765358,
  "train_losses": [
    [
      9,
      7.863521456718445
    ],
    [
      19,
      6.982643306255341
    ],
    [
      29,
      6.4677711725234985
    ],
    [
      39,
      6.158423960208893
    ],
    [
      49,
      5.839348912239075
    ],
    [
      59,
      5.394810616970062
    ],
    [
      69,
      4.8806681632995605
    ],
    [
      79,
      4.50139993429184
    ],
    [
      89,
      4.228842675685883
    ],
    [
      99,
      3.936799556016922
    ],
    [
      109,
      3.712559312582016
    ],
    [
      119,
      3.5052793323993683
    ],
    [
      129,
      3.3501777350902557
    ],
    [
      139,
      3.159838527441025
    ],
    [
      149,
      2.991219937801361
    ],
    [
      159,
      2.846372902393341
    ],
    [
      169,
      2.7018253207206726
    ],
    [
      179,
      2.576964557170868
    ],
    [
      189,
      2.475631982088089
    ],
    [
      199,
      2.4029493033885956
    ],
    [
      209,
      2.33437442779541
    ],
    [
      219,
      2.2786033153533936
    ],
    [
      229,
      2.2514195144176483
    ],
    [
      239,
      2.220976710319519
    ],
    [
      249,
      2.1945366859436035
    ],
    [
      259,
      2.197656601667404
    ],
    [
      269,
      2.165306270122528
    ],
    [
      279,
      2.127137303352356
    ],
    [
      289,
      2.1272703409194946
    ],
    [
      299,
      2.152210384607315
    ],
    [
      309,
      2.1175915896892548
    ],
    [
      319,
      2.0816337168216705
    ],
    [
      329,
      2.0455853044986725
    ],
    [
      339,
      2.0573587715625763
    ],
    [
      349,
      2.005223795771599
    ],
    [
      359,
      1.9759685844182968
    ],
    [
      369,
      1.9972340911626816
    ],
    [
      379,
      1.957439810037613
    ],
    [
      389,
      1.9234402924776077
    ],
    [
      399,
      1.8831597119569778
    ],
    [
      409,
      1.8641168922185898
    ],
    [
      419,
      1.839730590581894
    ],
    [
      429,
      1.7655663341283798
    ],
    [
      439,
      1.7596502602100372
    ],
    [
      449,
      1.714214488863945
    ],
    [
      459,
      1.6986422538757324
    ],
    [
      469,
      1.6658291965723038
    ],
    [
      479,
      1.6569042205810547
    ],
    [
      489,
      1.6429583132266998
    ],
    [
      499,
      1.6378298997879028
    ],
    [
      509,
      1.6047271490097046
    ],
    [
      519,
      1.597575530409813
    ],
    [
      529,
      1.60227532684803
    ],
    [
      539,
      1.568956345319748
    ],
    [
      549,
      1.5794550776481628
    ],
    [
      559,
      1.5486537367105484
    ],
    [
      569,
      1.5520315915346146
    ],
    [
      579,
      1.5369822978973389
    ],
    [
      589,
      1.520931452512741
    ],
    [
      599,
      1.4971040785312653
    ],
    [
      609,
      1.5255796313285828
    ],
    [
      619,
      1.5114727765321732
    ],
    [
      629,
      1.4894096851348877
    ],
    [
      639,
      1.4385017156600952
    ],
    [
      649,
      1.4647965133190155
    ],
    [
      659,
      1.4290736615657806
    ],
    [
      669,
      1.4733481109142303
    ],
    [
      679,
      1.430085465312004
    ],
    [
      689,
      1.3913482278585434
    ],
    [
      699,
      1.3599406778812408
    ],
    [
      709,
      1.3912148028612137
    ],
    [
      719,
      1.3669286370277405
    ],
    [
      729,
      1.3477715849876404
    ],
    [
      739,
      1.3741594851016998
    ],
    [
      749,
      1.3502818942070007
    ],
    [
      759,
      1.3313898146152496
    ],
    [
      769,
      1.3292032182216644
    ],
    [
      779,
      1.3186000883579254
    ],
    [
      789,
      1.2959785461425781
    ],
    [
      799,
      1.3242060393095016
    ],
    [
      809,
      1.3250969499349594
    ],
    [
      819,
      1.2789184898138046
    ],
    [
      829,
      1.2849213778972626
    ],
    [
      839,
      1.2820655554533005
    ],
    [
      849,
      1.2770400047302246
    ],
    [
      859,
      1.2518873363733292
    ],
    [
      869,
      1.2575071603059769
    ],
    [
      879,
      1.2566676288843155
    ],
    [
      889,
      1.2263293117284775
    ],
    [
      899,
      1.2450306564569473
    ],
    [
      909,
      1.2347021102905273
    ],
    [
      919,
      1.230851650238037
    ],
    [
      929,
      1.2238961160182953
    ],
    [
      939,
      1.2415711283683777
    ],
    [
      949,
      1.1985543072223663
    ],
    [
      959,
      1.1956573575735092
    ],
    [
      969,
      1.1700654029846191
    ],
    [
      979,
      1.18816639482975
    ],
    [
      989,
      1.178687572479248
    ],
    [
      999,
      1.1667030155658722
    ],
    [
      1009,
      1.1616929322481155
    ],
    [
      1019,
      1.16135635972023
    ],
    [
      1029,
      1.1713923215866089
    ],
    [
      1039,
      1.1331344693899155
    ],
    [
      1049,
      1.122245967388153
    ],
    [
      1059,
      1.1348938196897507
    ],
    [
      1069,
      1.1331686675548553
    ],
    [
      1079,
      1.109934315085411
    ],
    [
      1089,
      1.1000228971242905
    ],
    [
      1099,
      1.1129878908395767
    ],
    [
      1109,
      1.0932882726192474
    ],
    [
      1119,
      1.0940778851509094
    ],
    [
      1129,
      1.0742506086826324
    ],
    [
      1139,
      1.0792408138513565
    ],
    [
      1149,
      1.0574189871549606
    ],
    [
      1159,
      1.047516830265522
    ],
    [
      1169,
      1.0917696058750153
    ],
    [
      1179,
      1.0554753690958023
    ],
    [
      1189,
      1.05524542927742
    ],
    [
      1199,
      1.0411324724555016
    ],
    [
      1209,
      1.027714878320694
    ],
    [
      1219,
      1.033356286585331
    ],
    [
      1229,
      1.0249963402748108
    ],
    [
      1239,
      1.0159009099006653
    ],
    [
      1249,
      1.0254646837711334
    ],
    [
      1259,
      1.0165161415934563
    ],
    [
      1269,
      1.0055835843086243
    ],
    [
      1279,
      1.0266162157058716
    ],
    [
      1289,
      0.9938834384083748
    ],
    [
      1299,
      0.9927002266049385
    ],
    [
      1309,
      0.9955550655722618
    ],
    [
      1319,
      0.9887386560440063
    ],
    [
      1329,
      0.970287375152111
    ],
    [
      1339,
      1.0058332085609436
    ],
    [
      1349,
      0.9683393314480782
    ],
    [
      1359,
      1.0178107023239136
    ],
    [
      1369,
      0.9589870572090149
    ],
    [
      1379,
      0.973201259970665
    ],
    [
      1389,
      0.9720253944396973
    ],
    [
      1399,
      0.9695785120129585
    ],
    [
      1409,
      0.9645790234208107
    ],
    [
      1419,
      0.9504638314247131
    ],
    [
      1429,
      0.9538537040352821
    ],
    [
      1439,
      0.9527331367135048
    ],
    [
      1449,
      0.9268200099468231
    ],
    [
      1459,
      0.9619153439998627
    ],
    [
      1469,
      0.95608851313591
    ],
    [
      1479,
      0.9526866003870964
    ],
    [
      1489,
      0.9528934955596924
    ],
    [
      1499,
      0.9435494914650917
    ],
    [
      1509,
      0.9332657679915428
    ],
    [
      1519,
      0.9337323904037476
    ],
    [
      1529,
      0.9267408698797226
    ],
    [
      1539,
      0.9205278530716896
    ],
    [
      1549,
      0.9038153812289238
    ],
    [
      1559,
      0.9166911989450455
    ],
    [
      1569,
      0.9150501862168312
    ],
    [
      1579,
      0.9204641208052635
    ],
    [
      1589,
      0.9130711928009987
    ],
    [
      1599,
      0.8926433101296425
    ],
    [
      1609,
